{
  "ext/fragment/CustomColumnExtension.js": 1647231420024,
  "Component.js": 1647231420024,
  "ext/fragment/custom_Action.js": 1647231420024,
  "i18n/i18n.properties": 1647231420024,
  "manifest.json": 1647233592167,
  "manifest-bundle.zip": 1647233592187,
  "Component-preload.js": 1647233592428,
  "ext/fragment/custom_Action-dbg.js": 1647231420024,
  "ext/fragment/CustomColumnExtension-dbg.js": 1647231420024,
  "Component-dbg.js": 1647231420024,
  "ext/fragment/custom_Action.fragment.xml": 1647231420024,
  "ext/fragment/CustomColumnExtension.fragment.xml": 1647231420024,
  "index.html": 1647231420024
}