{
  "ext/fragment/CustomColumnExtension.fragment.xml": 1646231485787,
  "Component.js": 1645912443535,
  "ext/fragment/custom_Action.js": 1646231128076,
  "ext/fragment/CustomColumnExtension.js": 1646231485783,
  "manifest.json": 1646922671046,
  "manifest-bundle.zip": 1646922671058,
  "Component-preload.js": 1646922671236,
  "ext/fragment/custom_Action-dbg.js": 1646231128076,
  "ext/fragment/CustomColumnExtension-dbg.js": 1646231485783,
  "Component-dbg.js": 1645912443535,
  "ext/fragment/custom_Action.fragment.xml": 1646231608228,
  "i18n/i18n.properties": 1646231691833,
  "index.html": 1645912443535
}